#guideId	targetSeq	mitSpecScore	cfdSpecScore	offtargetCount	targetGenomeGeneLocus	Doench '16-Score	Moreno-Mateos-Score	Out-of-Frame-Score	GrafEtAlStatus	grafType
126forw	CAGTACGGGGAGGTGTACGAGGG	86	94	148	exon:Abl1	70	72	56	GrafOK
104rev	CTCGTACACCTCCCCGTACTGGC	83	98	110	exon:Abl1	41	47	55	GrafOK
55forw	TGTCCCCCAACTACGACAAGTGG	82	97	185	exon:Abl1	56	32	58	GrafOK
56forw	GTCCCCCAACTACGACAAGTGGG	80	94	161	exon:Abl1	63	36	55	GrafOK
105rev	CCTCGTACACCTCCCCGTACTGG	79	95	164	exon:Abl1	53	39	57	GrafOK
125forw	CCAGTACGGGGAGGTGTACGAGG	79	95	115	exon:Abl1	45	50	51	GrafOK
268rev	ATATAGAACGGGGGCTCCCGGGT	79	96	125		57	46	62	GrafOK
366forw	CGGCAGGAGGTGAACGCCGTGGT	79	98	107		52	78	42	GrafOK
143rev	CTTCACGGCCACCGTCAGGCTGT	78	93	199		47	19	47	GrafOK
53forw	TGTGTCCCCCAACTACGACAAGT	77	90	278	exon:Abl1	67	30	61	GrafOK
368forw	GCAGGAGGTGAACGCCGTGGTGC	77	91	307		64	96	41	GrafOK
57forw	TCCCCCAACTACGACAAGTGGGA	76	95	172	exon:Abl1	68	44	57	GrafOK
2rev	AGTGGGCTTGTTGCGCTTTGGGG	75	94	288		NotEnoughFlankSeq	NotEnoughFlankSeq	NotEnoughFlankSeq	tt
127forw	AGTACGGGGAGGTGTACGAGGGC	75	96	210	exon:Abl1	65	71	56	GrafOK
308rev	GTAGTCCAGGAGGTTCCCGTAGG	74	94	183		70	55	69	GrafOK
341rev	GGCGTTCACCTCCTGCCGGTTGC	74	93	165		47	39	50	GrafOK
113forw	GCTGGGCGGGGGCCAGTACGGGG	73	92	267		45	77	53	GrafOK
146rev	GGTCTTCACGGCCACCGTCAGGC	73	95	201		57	67	59	GrafOK
323forw	CATGACCTACGGGAACCTCCTGG	73	94	175		55	19	50	GrafOK
37rev	TCCCACTTGTCGTAGTTGGGGGA	72	95	184	exon:Abl1	NotEnoughFlankSeq	NotEnoughFlankSeq	NotEnoughFlankSeq	GrafOK
270rev	TGATATAGAACGGGGGCTCCCGG	72	95	167		41	39	64	GrafOK
129forw	TACGGGGAGGTGTACGAGGGCGT	71	97	245	exon:Abl1	60	98	58	GrafOK
131forw	CGGGGAGGTGTACGAGGGCGTGT	71	87	269		42	84	60	GrafOK
161forw	ATACAGCCTGACGGTGGCCGTGA	71	91	206		50	46	31	GrafOK
387rev	ACTCCATGGCTGACGAGATCTGA	71	96	283		40	31	60	GrafOK
3rev	CAGTGGGCTTGTTGCGCTTTGGG	70	97	275		NotEnoughFlankSeq	NotEnoughFlankSeq	NotEnoughFlankSeq	tt
59forw	CCCCAACTACGACAAGTGGGAGA	70	93	172		70	56	55	GrafOK
276rev	CAGTGATGATATAGAACGGGGGC	69	90	303		64	70	52	GrafOK
371forw	GGAGGTGAACGCCGTGGTGCTGC	69	93	297		41	51	41	GrafOK
122rev	GTATTTCTTCCACACGCCCTCGT	67	96	357		58	50	51	GrafOK
297forw	CCCCCGTTCTATATCATCACTGA	67	92	220		47	20	44	GrafOK
365forw	CCGGCAGGAGGTGAACGCCGTGG	67	94	146		66	73	44	GrafOK
164forw	CAGCCTGACGGTGGCCGTGAAGA	66	90	271		51	70	33	GrafOK
22rev	TTGGGGGACACACCATAGACAGT	65	93	338		NotEnoughFlankSeq	NotEnoughFlankSeq	NotEnoughFlankSeq	GrafOK
44rev	TTCCATCTCCCACTTGTCGTAGT	65	93	376		NotEnoughFlankSeq	NotEnoughFlankSeq	NotEnoughFlankSeq	GrafOK
147rev	AGGTCTTCACGGCCACCGTCAGG	65	92	275		45	63	63	GrafOK
348rev	GCACCACGGCGTTCACCTCCTGC	65	94	209		49	15	59	GrafOK
470forw	CCGAAACTGCCTGGTAGGGGAGA	65	90	220		NotEnoughFlankSeq	NotEnoughFlankSeq	NotEnoughFlankSeq	GrafOK
112forw	AGCTGGGCGGGGGCCAGTACGGG	64	89	398		40	67	53	GrafOK
277rev	TCAGTGATGATATAGAACGGGGG	64	88	370		79	57	57	GrafOK
302rev	CAGGAGGTTCCCGTAGGTCATGA	64	90	308		53	52	70	GrafOK
445rev	CCTACCAGGCAGTTTCGGGCAGC	64	94	196		51	30	55	GrafOK
83forw	GGAACGCACGGACATCACCATGA	63	93	186		63	28	64	GrafOK
266rev	ATAGAACGGGGGCTCCCGGGTGC	63	89	229		60	86	59	GrafOK
324forw	ATGACCTACGGGAACCTCCTGGA	63	94	209		59	60	53	tt
413forw	CTCGTCAGCCATGGAGTACCTGG	63	92	244		44	39	49	GrafOK
414forw	TCGTCAGCCATGGAGTACCTGGA	63	93	223		59	49	51	GrafOK
117forw	GGCGGGGGCCAGTACGGGGAGGT	62	88	377		48	84	52	GrafOK
269rev	GATATAGAACGGGGGCTCCCGGG	62	89	224		52	46	65	GrafOK
332forw	CGGGAACCTCCTGGACTACCTGA	62	91	235		42	41	44	GrafOK
350forw	CCTGAGGGAGTGCAACCGGCAGG	62	93	214		56	59	57	GrafOK
151rev	TTCAAGGTCTTCACGGCCACCGT	61	90	498	exon:Abl1	57	75	54	GrafOK
155forw	GAAGAAATACAGCCTGACGGTGG	61	86	426		69	49	46	GrafOK
263rev	GAACGGGGGCTCCCGGGTGCAGA	61	90	286		41	55	62	GrafOK
374forw	GGTGAACGCCGTGGTGCTGCTGT	61	92	227		43	22	49	GrafOK
380forw	CGCCGTGGTGCTGCTGTACATGG	61	92	196		50	56	48	GrafOK
392rev	CAGGTACTCCATGGCTGACGAGA	61	89	299		59	57	52	GrafOK
448rev	TCCCCTACCAGGCAGTTTCGGGC	61	90	245		59	28	70	tt
1rev	GTGGGCTTGTTGCGCTTTGGGGC	60	92	334		NotEnoughFlankSeq	NotEnoughFlankSeq	NotEnoughFlankSeq	GrafOK
134forw	GGAGGTGTACGAGGGCGTGTGGA	60	85	220		60	60	59	GrafOK
156forw	AAGAAATACAGCCTGACGGTGGC	60	90	534		66	60	47	GrafOK
159forw	AAATACAGCCTGACGGTGGCCGT	60	94	480		44	27	37	GrafOK
278rev	CTCAGTGATGATATAGAACGGGG	60	90	419		62	61	50	GrafOK
457forw	GAGATCTTGCTGCCCGAAACTGC	60	98	205		NotEnoughFlankSeq	NotEnoughFlankSeq	NotEnoughFlankSeq	GrafOK
107forw	GCACAAGCTGGGCGGGGGCCAGT	59	79	454		38	59	55	ggc
116forw	GGGCGGGGGCCAGTACGGGGAGG	59	84	571		44	101	50	GrafOK
123forw	GGCCAGTACGGGGAGGTGTACGA	59	89	260	exon:Abl1	47	51	50	GrafOK
273forw	CTCCTTGGGGTCTGCACCCGGGA	59	91	368		43	69	64	GrafOK
72forw	AAGTGGGAGATGGAACGCACGGA	58	87	498		64	80	45	GrafOK
170forw	GACGGTGGCCGTGAAGACCTTGA	58	90	225		52	73	38	GrafOK
252rev	CCCGGGTGCAGACCCCAAGGAGC	58	90	272		64	73	60	GrafOK
434rev	GTTTCGGGCAGCAAGATCTCTGT	58	92	285		46	35	71	tt
461forw	TCTTGCTGCCCGAAACTGCCTGG	58	89	295		NotEnoughFlankSeq	NotEnoughFlankSeq	NotEnoughFlankSeq	ggc
347forw	CTACCTGAGGGAGTGCAACCGGC	57	91	287		60	47	55	GrafOK
24forw	CCAAAGCGCAACAAGCCCACTGT	56	87	299		NotEnoughFlankSeq	NotEnoughFlankSeq	NotEnoughFlankSeq	GrafOK
237rev	CAAGGAGCTGCACCAGGTTAGGG	56	90	402		38	79	54	GrafOK
404forw	CACTCAGATCTCGTCAGCCATGG	56	88	423		58	41	58	GrafOK
50rev	CGTGCGTTCCATCTCCCACTTGT	55	92	247		49	40	61	GrafOK
275forw	CCTTGGGGTCTGCACCCGGGAGC	55	91	295		64	76	63	GrafOK
307rev	TAGTCCAGGAGGTTCCCGTAGGT	55	95	236		67	89	71	GrafOK
351forw	CTGAGGGAGTGCAACCGGCAGGA	55	92	263		57	91	59	GrafOK
359rev	CATGTACAGCAGCACCACGGCGT	55	91	424		76	81	37	GrafOK
382rev	ATGGCTGACGAGATCTGAGTGGC	55	89	335		64	69	54	GrafOK
405forw	ACTCAGATCTCGTCAGCCATGGA	55	91	564		59	61	61	GrafOK
63forw	AACTACGACAAGTGGGAGATGGA	54	89	319		51	51	51	GrafOK
86forw	ACGCACGGACATCACCATGAAGC	54	88	200		67	58	63	GrafOK
111forw	AAGCTGGGCGGGGGCCAGTACGG	54	85	393		26	102	53	GrafOK
137forw	GGTGTACGAGGGCGTGTGGAAGA	54	90	384		55	58	47	GrafOK
98rev	CACCTCCCCGTACTGGCCCCCGC	53	90	404		51	51	54	GrafOK
230rev	CTGCACCAGGTTAGGGTGTTTGA	53	91	447	exon:Abl1	32	69	62	tt
248forw	GATCAAACACCCTAACCTGGTGC	53	88	620	exon:Abl1	70	26	50	GrafOK
30forw	CGCAACAAGCCCACTGTCTATGG	52	92	234		NotEnoughFlankSeq	NotEnoughFlankSeq	NotEnoughFlankSeq	GrafOK
320rev	GCACTCCCTCAGGTAGTCCAGGA	52	89	384		57	49	50	GrafOK
399forw	ATGGCCACTCAGATCTCGTCAGC	52	94	310		52	63	42	GrafOK
35forw	CAAGCCCACTGTCTATGGTGTGT	51	83	508		NotEnoughFlankSeq	NotEnoughFlankSeq	NotEnoughFlankSeq	GrafOK
114forw	CTGGGCGGGGGCCAGTACGGGGA	51	91	273		46	99	54	GrafOK
254rev	CTCCCGGGTGCAGACCCCAAGGA	51	89	372		54	92	66	GrafOK
314forw	CACTGAGTTCATGACCTACGGGA	51	81	499		72	57	55	GrafOK
381forw	GCCGTGGTGCTGCTGTACATGGC	51	93	332		59	67	55	GrafOK
68rev	GTGCTTCATGGTGATGTCCGTGC	50	89	425		56	68	46	GrafOK
238rev	CCAAGGAGCTGCACCAGGTTAGG	50	89	528		34	57	60	GrafOK
299forw	CCCGTTCTATATCATCACTGAGT	50	91	307		75	35	54	GrafOK
47rev	GCGTTCCATCTCCCACTTGTCGT	49	82	389		NotEnoughFlankSeq	NotEnoughFlankSeq	NotEnoughFlankSeq	tt
66rev	GCTTCATGGTGATGTCCGTGCGT	49	93	394		76	51	52	GrafOK
119forw	CGGGGGCCAGTACGGGGAGGTGT	49	80	391		36	79	46	GrafOK
236rev	AAGGAGCTGCACCAGGTTAGGGT	49	83	532		57	61	45	GrafOK
251forw	CAAACACCCTAACCTGGTGCAGC	49	87	415	exon:Abl1	56	28	55	GrafOK
133forw	GGGAGGTGTACGAGGGCGTGTGG	48	89	442		51	84	61	GrafOK
255rev	GCTCCCGGGTGCAGACCCCAAGG	48	84	441		54	59	68	GrafOK
416forw	GTCAGCCATGGAGTACCTGGAGA	48	85	542		71	62	55	GrafOK
93rev	CCCCGTACTGGCCCCCGCCCAGC	47	90	408		37	68	64	GrafOK
272forw	GCTCCTTGGGGTCTGCACCCGGG	47	77	559		53	48	65	GrafOK
330rev	CCTGCCGGTTGCACTCCCTCAGG	47	91	323		49	61	46	GrafOK
492forw	AACCACTTGGTGAAGGTAGCTGA	47	87	405		NotEnoughFlankSeq	NotEnoughFlankSeq	NotEnoughFlankSeq	GrafOK
11rev	ACCATAGACAGTGGGCTTGTTGC	46	82	473		NotEnoughFlankSeq	NotEnoughFlankSeq	NotEnoughFlankSeq	tt
20rev	GGGGGACACACCATAGACAGTGG	46	87	612		NotEnoughFlankSeq	NotEnoughFlankSeq	NotEnoughFlankSeq	GrafOK
26rev	GTAGTTGGGGGACACACCATAGA	46	94	333		NotEnoughFlankSeq	NotEnoughFlankSeq	NotEnoughFlankSeq	GrafOK
33forw	AACAAGCCCACTGTCTATGGTGT	46	87	547		NotEnoughFlankSeq	NotEnoughFlankSeq	NotEnoughFlankSeq	GrafOK
174forw	GTGGCCGTGAAGACCTTGAAGGA	46	87	416	exon:Abl1	52	58	51	GrafOK
176forw	GGCCGTGAAGACCTTGAAGGAGG	46	88	377	exon:Abl1	67	56	35	GrafOK
450rev	TCTCCCCTACCAGGCAGTTTCGG	46	90	482		NotEnoughFlankSeq	NotEnoughFlankSeq	NotEnoughFlankSeq	tt
62forw	CAACTACGACAAGTGGGAGATGG	45	85	301		59	40	54	GrafOK
87rev	ACTGGCCCCCGCCCAGCTTGTGC	45	88	446		48	50	51	tt
259forw	CTAACCTGGTGCAGCTCCTTGGG	45	90	436		24	50	67	tt
360forw	TGCAACCGGCAGGAGGTGAACGC	45	84	363		58	57	49	GrafOK
383rev	CATGGCTGACGAGATCTGAGTGG	45	85	421		70	30	53	GrafOK
385rev	TCCATGGCTGACGAGATCTGAGT	45	85	413		63	51	55	GrafOK
468forw	GCCCGAAACTGCCTGGTAGGGGA	45	90	200		NotEnoughFlankSeq	NotEnoughFlankSeq	NotEnoughFlankSeq	GrafOK
479forw	CCTGGTAGGGGAGAACCACTTGG	45	85	398		NotEnoughFlankSeq	NotEnoughFlankSeq	NotEnoughFlankSeq	GrafOK
19rev	GGGGACACACCATAGACAGTGGG	44	88	486		NotEnoughFlankSeq	NotEnoughFlankSeq	NotEnoughFlankSeq	GrafOK
39rev	TCTCCCACTTGTCGTAGTTGGGG	44	92	266		NotEnoughFlankSeq	NotEnoughFlankSeq	NotEnoughFlankSeq	GrafOK
41rev	CATCTCCCACTTGTCGTAGTTGG	44	97	261		NotEnoughFlankSeq	NotEnoughFlankSeq	NotEnoughFlankSeq	GrafOK
145forw	AGGGCGTGTGGAAGAAATACAGC	44	83	584		51	52	52	GrafOK
246forw	GAGATCAAACACCCTAACCTGGT	44	84	1059	exon:Abl1	65	24	48	GrafOK
279rev	ACTCAGTGATGATATAGAACGGG	44	86	661		48	27	47	GrafOK
311rev	CAGGTAGTCCAGGAGGTTCCCGT	44	79	554		45	66	55	tt
326rev	CCGGTTGCACTCCCTCAGGTAGT	44	92	178		58	41	44	GrafOK
354forw	AGGGAGTGCAACCGGCAGGAGGT	44	86	522		58	59	57	GrafOK
389forw	GCTGCTGTACATGGCCACTCAGA	44	90	557		56	60	57	GrafOK
4rev	ACAGTGGGCTTGTTGCGCTTTGG	43	91	273		NotEnoughFlankSeq	NotEnoughFlankSeq	NotEnoughFlankSeq	tt
9rev	CATAGACAGTGGGCTTGTTGCGC	43	81	603		NotEnoughFlankSeq	NotEnoughFlankSeq	NotEnoughFlankSeq	GrafOK
80rev	CCCGCCCAGCTTGTGCTTCATGG	43	84	534		34	42	64	tt
312forw	ATCACTGAGTTCATGACCTACGG	43	86	783	exon:Abl1	46	45	64	GrafOK
345rev	CCACGGCGTTCACCTCCTGCCGG	43	90	222		57	33	57	GrafOK
441rev	CCAGGCAGTTTCGGGCAGCAAGA	43	84	418		57	43	59	GrafOK
465forw	GCTGCCCGAAACTGCCTGGTAGG	43	87	256		NotEnoughFlankSeq	NotEnoughFlankSeq	NotEnoughFlankSeq	GrafOK
467forw	TGCCCGAAACTGCCTGGTAGGGG	43	88	246		NotEnoughFlankSeq	NotEnoughFlankSeq	NotEnoughFlankSeq	GrafOK
71forw	CAAGTGGGAGATGGAACGCACGG	42	82	656		66	83	46	GrafOK
242rev	GACCCCAAGGAGCTGCACCAGGT	42	87	557		76	45	50	GrafOK
265forw	TGGTGCAGCTCCTTGGGGTCTGC	42	85	586		32	45	66	GrafOK
281forw	GGTCTGCACCCGGGAGCCCCCGT	42	88	414		48	63	50	GrafOK
346forw	ACTACCTGAGGGAGTGCAACCGG	42	93	374		51	51	53	GrafOK
369rev	TCTGAGTGGCCATGTACAGCAGC	42	91	633		52	22	46	GrafOK
407forw	TCAGATCTCGTCAGCCATGGAGT	42	85	447		66	59	56	GrafOK
449rev	CTCCCCTACCAGGCAGTTTCGGG	42	84	513		NotEnoughFlankSeq	NotEnoughFlankSeq	NotEnoughFlankSeq	tt
40rev	ATCTCCCACTTGTCGTAGTTGGG	41	92	293		NotEnoughFlankSeq	NotEnoughFlankSeq	NotEnoughFlankSeq	GrafOK
261forw	AACCTGGTGCAGCTCCTTGGGGT	41	80	597		60	80	71	GrafOK
149forw	CGTGTGGAAGAAATACAGCCTGA	40	85	447		52	21	59	ggc
185forw	GACCTTGAAGGAGGACACCATGG	40	72	745		61	39	34	GrafOK
260forw	TAACCTGGTGCAGCTCCTTGGGG	40	86	449		54	54	66	tt
318rev	ACTCCCTCAGGTAGTCCAGGAGG	40	84	438		69	44	52	GrafOK
377rev	TGACGAGATCTGAGTGGCCATGT	40	83	425		60	37	48	GrafOK
89rev	GTACTGGCCCCCGCCCAGCTTGT	39	75	340		41	47	55	GrafOK
329rev	CTGCCGGTTGCACTCCCTCAGGT	39	93	261		51	86	44	GrafOK
431rev	TCGGGCAGCAAGATCTCTGTGGA	39	86	435		66	54	64	GrafOK
459rev	CCAAGTGGTTCTCCCCTACCAGG	39	86	470		NotEnoughFlankSeq	NotEnoughFlankSeq	NotEnoughFlankSeq	GrafOK
466forw	CTGCCCGAAACTGCCTGGTAGGG	39	92	253		NotEnoughFlankSeq	NotEnoughFlankSeq	NotEnoughFlankSeq	GrafOK
18rev	GGGACACACCATAGACAGTGGGC	38	77	647		NotEnoughFlankSeq	NotEnoughFlankSeq	NotEnoughFlankSeq	GrafOK
38rev	CTCCCACTTGTCGTAGTTGGGGG	38	91	343		NotEnoughFlankSeq	NotEnoughFlankSeq	NotEnoughFlankSeq	GrafOK
48forw	TATGGTGTGTCCCCCAACTACGA	38	95	305		NotEnoughFlankSeq	NotEnoughFlankSeq	NotEnoughFlankSeq	GrafOK
103forw	TGAAGCACAAGCTGGGCGGGGGC	38	79	643		59	84	54	GrafOK
284rev	CATGAACTCAGTGATGATATAGA	38	82	886		49	39	41	GrafOK
336forw	AACCTCCTGGACTACCTGAGGGA	38	86	432		73	75	56	GrafOK
353forw	GAGGGAGTGCAACCGGCAGGAGG	38	87	457		57	81	51	GrafOK
361rev	GCCATGTACAGCAGCACCACGGC	38	87	602		55	58	43	GrafOK
447forw	TTCATCCACAGAGATCTTGCTGC	38	79	828		46	2	50	tt
110rev	CACGCCCTCGTACACCTCCCCGT	37	94	238		55	54	53	GrafOK
166rev	TCCATGGTGTCCTCCTTCAAGGT	37	82	952		49	58	37	GrafOK
243rev	AGACCCCAAGGAGCTGCACCAGG	37	85	1040		58	31	48	GrafOK
271forw	AGCTCCTTGGGGTCTGCACCCGG	37	86	653		36	37	62	GrafOK
344rev	CACGGCGTTCACCTCCTGCCGGT	37	89	238		50	63	55	ggc
372rev	AGATCTGAGTGGCCATGTACAGC	37	86	604		54	42	62	GrafOK
455rev	GTGGTTCTCCCCTACCAGGCAGT	37	83	458		NotEnoughFlankSeq	NotEnoughFlankSeq	NotEnoughFlankSeq	GrafOK
186forw	ACCTTGAAGGAGGACACCATGGA	36	89	653		65	66	36	GrafOK
249rev	GGGTGCAGACCCCAAGGAGCTGC	36	79	627		43	23	55	GrafOK
290rev	GTAGGTCATGAACTCAGTGATGA	36	84	695		66	60	42	GrafOK
295rev	TTCCCGTAGGTCATGAACTCAGT	36	94	306		53	32	51	GrafOK
363forw	AACCGGCAGGAGGTGAACGCCGT	36	93	218		62	49	43	GrafOK
462forw	CTTGCTGCCCGAAACTGCCTGGT	36	88	355		NotEnoughFlankSeq	NotEnoughFlankSeq	NotEnoughFlankSeq	ggc
480forw	CTGGTAGGGGAGAACCACTTGGT	36	84	571		NotEnoughFlankSeq	NotEnoughFlankSeq	NotEnoughFlankSeq	tt
153forw	TGGAAGAAATACAGCCTGACGGT	35	83	846		53	49	51	GrafOK
158rev	GTCCTCCTTCAAGGTCTTCACGG	35	76	826		50	24	31	tt
181rev	AAGAACTCTTCCACCTCCATGGT	35	87	837		43	58	33	GrafOK
203forw	CATGGAGGTGGAAGAGTTCTTGA	35	71	806		40	49	58	tt
258forw	CCTAACCTGGTGCAGCTCCTTGG	35	83	504		39	39	68	tt
280rev	AACTCAGTGATGATATAGAACGG	35	78	1001		47	36	45	GrafOK
321rev	TGCACTCCCTCAGGTAGTCCAGG	35	89	423		51	29	53	GrafOK
335forw	GAACCTCCTGGACTACCTGAGGG	35	84	473		65	55	54	GrafOK
31forw	GCAACAAGCCCACTGTCTATGGT	34	93	377		NotEnoughFlankSeq	NotEnoughFlankSeq	NotEnoughFlankSeq	GrafOK
70rev	TTGTGCTTCATGGTGATGTCCGT	34	85	773	exon:Abl1	50	40	48	GrafOK
79rev	CCGCCCAGCTTGTGCTTCATGGT	34	88	535		34	66	62	GrafOK
173forw	GGTGGCCGTGAAGACCTTGAAGG	34	85	381		59	73	50	GrafOK
177forw	GCCGTGAAGACCTTGAAGGAGGA	34	87	443		64	54	35	GrafOK
313forw	TCACTGAGTTCATGACCTACGGG	34	79	656		60	36	57	GrafOK
334forw	GGAACCTCCTGGACTACCTGAGG	34	90	436		65	34	50	GrafOK
474rev	AATCAGCTACCTTCACCAAGTGG	34	86	411		NotEnoughFlankSeq	NotEnoughFlankSeq	NotEnoughFlankSeq	GrafOK
182rev	CAAGAACTCTTCCACCTCCATGG	33	80	826		53	58	34	GrafOK
234rev	GGAGCTGCACCAGGTTAGGGTGT	33	81	563		61	52	55	GrafOK
245forw	AGAGATCAAACACCCTAACCTGG	33	87	706		54	24	50	GrafOK
356forw	GGAGTGCAACCGGCAGGAGGTGA	33	82	512		49	65	57	GrafOK
362rev	GGCCATGTACAGCAGCACCACGG	33	82	677		71	41	44	GrafOK
498forw	TTGGTGAAGGTAGCTGATTTTGG	33	85	652		NotEnoughFlankSeq	NotEnoughFlankSeq	NotEnoughFlankSeq	tt
95forw	CATCACCATGAAGCACAAGCTGG	32	77	927		55	15	61	GrafOK
97forw	TCACCATGAAGCACAAGCTGGGC	32	85	935		59	39	63	GrafOK
101forw	CATGAAGCACAAGCTGGGCGGGG	32	67	793		52	40	54	GrafOK
152forw	GTGGAAGAAATACAGCCTGACGG	32	77	916		70	50	54	GrafOK
305forw	CTATATCATCACTGAGTTCATGA	32	76	701		43	24	70	tt
67forw	ACGACAAGTGGGAGATGGAACGC	31	70	635		60	67	43	GrafOK
401rev	TTTCTTCTCCAGGTACTCCATGG	31	68	1350		51	35	58	GrafOK
486forw	GGGGAGAACCACTTGGTGAAGGT	31	79	758		NotEnoughFlankSeq	NotEnoughFlankSeq	NotEnoughFlankSeq	GrafOK
157rev	TCCTCCTTCAAGGTCTTCACGGC	30	81	1048		52	45	31	GrafOK
207forw	GAGGTGGAAGAGTTCTTGAAAGA	30	78	965		57	58	56	GrafOK
211rev	TTGATCTCTTTCATGACTGCAGC	30	81	939		43	25	42	GrafOK
485forw	AGGGGAGAACCACTTGGTGAAGG	30	78	651		NotEnoughFlankSeq	NotEnoughFlankSeq	NotEnoughFlankSeq	GrafOK
99forw	ACCATGAAGCACAAGCTGGGCGG	29	71	864		67	49	58	GrafOK
100forw	CCATGAAGCACAAGCTGGGCGGG	29	68	981		41	22	56	GrafOK
210forw	GTGGAAGAGTTCTTGAAAGAAGC	29	76	1057		54	53	53	GrafOK
476rev	AAAATCAGCTACCTTCACCAAGT	29	86	820		NotEnoughFlankSeq	NotEnoughFlankSeq	NotEnoughFlankSeq	GrafOK
489forw	GAGAACCACTTGGTGAAGGTAGC	29	84	860		NotEnoughFlankSeq	NotEnoughFlankSeq	NotEnoughFlankSeq	GrafOK
14rev	CACACCATAGACAGTGGGCTTGT	28	63	709		NotEnoughFlankSeq	NotEnoughFlankSeq	NotEnoughFlankSeq	GrafOK
189forw	TTGAAGGAGGACACCATGGAGGT	28	76	1066		66	56	36	GrafOK
213forw	GAAGAGTTCTTGAAAGAAGCTGC	28	73	1080		49	22	47	GrafOK
221forw	CTTGAAAGAAGCTGCAGTCATGA	28	75	1007		51	47	57	GrafOK
227forw	AGAAGCTGCAGTCATGAAAGAGA	28	71	1581		65	49	58	GrafOK
338forw	CCTCCTGGACTACCTGAGGGAGT	28	81	538		65	47	49	GrafOK
394rev	TCCAGGTACTCCATGGCTGACGA	28	80	747		56	40	51	GrafOK
444forw	AACTTCATCCACAGAGATCTTGC	28	80	897		41	24	59	GrafOK
188forw	CTTGAAGGAGGACACCATGGAGG	27	80	890		76	70	35	GrafOK
214rev	TGTTTGATCTCTTTCATGACTGC	27	77	1616		42	14	61	GrafOK
216forw	GAGTTCTTGAAAGAAGCTGCAGT	27	78	887		58	37	50	GrafOK
293rev	CCCGTAGGTCATGAACTCAGTGA	27	81	431		73	64	45	GrafOK
317rev	CTCCCTCAGGTAGTCCAGGAGGT	27	77	743		62	56	48	GrafOK
340forw	TCCTGGACTACCTGAGGGAGTGC	27	79	589		51	46	43	GrafOK
411rev	GGATGAAGTTTTTCTTCTCCAGG	27	76	988		43	15	51	GrafOK
451forw	TCCACAGAGATCTTGCTGCCCGA	27	69	1414		57	40	70	ggc
102forw	ATGAAGCACAAGCTGGGCGGGGG	26	63	756		55	70	52	GrafOK
167rev	CTCCATGGTGTCCTCCTTCAAGG	26	75	1063		32	59	38	tt
179rev	GAACTCTTCCACCTCCATGGTGT	26	82	589		67	36	29	GrafOK
458rev	CAAGTGGTTCTCCCCTACCAGGC	26	87	799		NotEnoughFlankSeq	NotEnoughFlankSeq	NotEnoughFlankSeq	GrafOK
482forw	GGTAGGGGAGAACCACTTGGTGA	26	81	934		NotEnoughFlankSeq	NotEnoughFlankSeq	NotEnoughFlankSeq	GrafOK
225forw	AAAGAAGCTGCAGTCATGAAAGA	25	74	1559		50	51	52	GrafOK
425rev	AGCAAGATCTCTGTGGATGAAGT	25	74	1457		50	37	63	GrafOK
473rev	ATCAGCTACCTTCACCAAGTGGT	25	75	1101		NotEnoughFlankSeq	NotEnoughFlankSeq	NotEnoughFlankSeq	GrafOK
92forw	GGACATCACCATGAAGCACAAGC	24	78	997		65	45	55	GrafOK
419forw	AGCCATGGAGTACCTGGAGAAGA	23	73	1019		60	43	56	GrafOK
192forw	AAGGAGGACACCATGGAGGTGGA	22	71	1203		62	66	46	GrafOK
438forw	AAGAAAAACTTCATCCACAGAGA	22	78	1606		70	56	71	GrafOK
74rev	CAGCTTGTGCTTCATGGTGATGT	21	70	1160		51	57	52	GrafOK
400rev	TTCTTCTCCAGGTACTCCATGGC	21	65	1231		46	62	55	GrafOK
77rev	GCCCAGCTTGTGCTTCATGGTGA	20	62	1480		72	53	52	GrafOK
96forw	ATCACCATGAAGCACAAGCTGGG	20	83	1520		60	44	64	GrafOK
197forw	GGACACCATGGAGGTGGAAGAGT	20	59	1137		55	42	52	GrafOK
397rev	TTCTCCAGGTACTCCATGGCTGA	20	72	1613		48	22	43	GrafOK
436forw	AGAAGAAAAACTTCATCCACAGA	20	67	1547		57	37	71	GrafOK
395forw	GTACATGGCCACTCAGATCTCGT	19	89	861		54	57	52	GrafOK
432rev	TTCGGGCAGCAAGATCTCTGTGG	19	81	838		72	41	70	GrafOK
428rev	GGCAGCAAGATCTCTGTGGATGA	18	60	1636		54	43	61	GrafOK
195forw	GAGGACACCATGGAGGTGGAAGA	17	62	1584	exon:Abl1	61	44	52	GrafOK
191forw	GAAGGAGGACACCATGGAGGTGG	16	54	1800		57	64	43	GrafOK
200rev	CATGACTGCAGCTTCTTTCAAGA	16	76	1573		21	28	58	tt
410rev	GATGAAGTTTTTCTTCTCCAGGT	15	65	1417		57	45	49	GrafOK
218rev	AGGGTGTTTGATCTCTTTCATGA	14	67	1231		32	45	57	tt
128rev	CAGGCTGTATTTCTTCCACACGC	2	32	15638		64	44	60	GrafOK
